ID,Species,capt_date,SL_mm,SL_size_class,sex,weight_g,height_mm,sample_type,area,Long,Lat,d15N,d13C,d34S,CN_ratio,comment1,comment2
BH-00554,E.lucius,2019-11-02,670,,f,,,Muscle,Freshwater,,,16.48,-22.11,7.08333333333333,3.26640431483753,|,
BH-00555,E.lucius,2019-10-31,670,,f,,,Muscle,Freshwater,,,17.8033333333333,-21.5933333333333,9.11,3.27883096487251,|,
BH-00560,E.lucius,2020-06-23,680,,m,,,Muscle,P,,,17.0466666666667,-21.4133333333333,7.34,3.24502268037121,|,
BH-00561,E.lucius,,690,,f,,,Muscle,Freshwater,,,16.5466666666667,-21.4766666666667,8.29333333333333,3.20080549090167,|,
BH-00680,E.lucius,,720,,m,,,Muscle,NRB,,,14.7033333333333,-16.8733333333333,10.02,3.28788841117911,|,
BH-00681,E.lucius,,630,,m,,,Muscle,NRB,,,14.51,-17.22,9.44333333333333,3.26600345469672,|,
BH-00682,E.lucius,,570,,m,,,Muscle,NRB,,,13.36,-15.0333333333333,7.89666666666667,3.26536651124096,|,
BH-00683,E.lucius,,550,,f,,,Muscle,KJB,,,15.32,-17.9133333333333,2.67333333333333,3.22444341981942,|,
BH-00684,E.lucius,,750,,m,,,Muscle,DZB,,,16.3166666666667,-18.4533333333333,7.33666666666667,3.26196993246191,|,
BH-00685,E.lucius,,720,,m,,,Muscle,NRB,,,14.71,-16.7633333333333,9.62666666666667,3.25882750201226,|,
BH-00686,E.lucius,,840,,f,,,Muscle,DZB,,,16.4466666666667,-19.5066666666667,10.1266666666667,3.00244147824469,|,
BH-00687,E.lucius,2020-02-28,710,,m,,,Muscle,NRB,,,14.76,-16.02,10.0233333333333,3.09827464993255,|,
BH-00688,E.lucius,,890,,f,,,Muscle,DZB,,,15.8633333333333,-18.3066666666667,9.71,3.26609392606285,|,
BH-00689,E.lucius,,600,,m,,,Muscle,NRB,,,12.85,-17.39,12.2266666666667,3.04267403144684,|,
BH-00690,E.lucius,,590,,m,,,Muscle,NRB,,,14.3466666666667,-17.4066666666667,11.3966666666667,3.22259969431302,|,
BH-00691,E.lucius,,620,,f,,,Muscle,NRB,,,12.9833333333333,-17.3666666666667,12.0166666666667,3.05081989899909,|,
BH-00692,E.lucius,,690,,m,,,Muscle,NRB,,,14.2633333333333,-16.5333333333333,11.9366666666667,3.13942728395168,|,
BH-00693,E.lucius,,660,,f,,,Muscle,NRB,,,13.9633333333333,-16.49,11.26,3.1936095053603,|,
BH-00694,E.lucius,,590,,m,,,Muscle,NRB,,,14.35,-16.1266666666667,11.2533333333333,3.18628620751992,|,
BH-00695,E.lucius,,620,,m,,,Muscle,NRB,,,13.9033333333333,-16.4766666666667,11.56,3.17217260436303,|,
BH-00696,E.lucius,,790,,f,,,Muscle,NRB,,,13.7733333333333,-16.6533333333333,11.8466666666667,3.03390485873292,|,
BH-00697,E.lucius,,760,,m,,,Muscle,NRB,,,14.7933333333333,-17.06,9.24333333333333,3.29900583351942,|,
BH-00699,E.lucius,,590,,f,,,Muscle,NRB,,,15.2033333333333,-19.13,6.715,3.05997957613427,|,
BH-00700,E.lucius,,1160,,f,,,Muscle,DZB,,,16.2533333333333,-19.16,13.33,2.97592873212203,|,
BH-00997,E.lucius,2021-03-13,1065,,f,9944,,Muscle,P,,,17.0366666666667,-21.8033333333333,10.53,3.12920843063362,|,
BH-01551,E.lucius,,870,,f,,,Muscle,DZB,,,16.2366666666667,-18.7366666666667,13.0033333333333,3.11285581112783,|,
BH-01552,E.lucius,,850,,m,,,Muscle,DZB,,,15.8466666666667,-19.36,11.6833333333333,3.05769265205855,|,
BH-01553,E.lucius,2020-02-08,770,,f,,,Muscle,NRB,,,16.3566666666667,-19.1966666666667,9.705,2.97676078692768,|,
BH-01554,E.lucius,2020-02-08,690,,f,,,Muscle,NRB,,,17.2033333333333,-18.2333333333333,6.45666666666667,3.17298887156458,|,
BH-01555,E.lucius,2020-02-08,760,,f,,,Muscle,NRB,,,15.8866666666667,-17.0933333333333,9.87,3.21728315861112,|,
BH-01556,E.lucius,2020-02-08,1110,,f,,,Muscle,NRB,,,16.965,-18.7025,10.19,3.21654761391611,|,
BH-01557,E.lucius,2020-02-08,920,,f,,,Muscle,DZB,,,16.1375,-18.3425,10.815,3.09235078431402,|,
BH-01558,E.lucius,2020-02-08,740,,f,,,Muscle,NRB,,,16.57,-18.66,10.9625,3.12956773560415,|,
BH-01559,E.lucius,2020-02-08,690,,f,,,Muscle,NRB,,,16.67,-18.57,9.51,3.05657527337504,|,
BH-01560,E.lucius,2020-02-08,820,,f,,,Muscle,NRB,,,16.0833333333333,-18.4466666666667,9.61,2.97945353260427,|,
BH-01561,E.lucius,2020-02-08,680,,f,,,Muscle,NRB,,,15.9933333333333,-19.19,9.68666666666667,3.04038125273766,|,
BH-01562,E.lucius,2020-02-08,680,,f,,,Muscle,NRB,,,17.8166666666667,-17.4266666666667,7.56333333333333,3.2282062440379,|,
BH-01563,E.lucius,,740,,m,,,Muscle,NRB,,,16.0266666666667,-18.6833333333333,11.0866666666667,3.05903349598391,|,
BH-01564,E.lucius,2020-02-28,780,,f,,,Muscle,NRB,,,17.7666666666667,-18.8233333333333,8.30333333333333,3.16923062795465,|,
BH-01565,E.lucius,2020-02-28,470,,m,911.36,,Muscle,NRB,,,16.18,-17.94,7.43666666666667,3.40067387595039,|,
BH-01566,E.lucius,2020-02-28,680,,m,,,Muscle,NRB,,,17.4233333333333,-18.6133333333333,7.44,3.27765909510852,|,
BH-01567,E.lucius,2020-02-28,460,,m,,,Muscle,NRB,,,15.6266666666667,-18.9,6.14,3.44390165855096,|,
BH-01568,E.lucius,2020-02-29,490,,m,968.4,,Muscle,NRB,,,16.1266666666667,-18.82,8.39666666666667,3.0812259209191,|,
BH-01569,E.lucius,2020-02-28,550,,m,,,Muscle,NRB,,,14.48,-16.5533333333333,10.9,3.06804859696884,|,
BH-01570,E.lucius,,980,,f,,,Muscle,NRB,,,17.9666666666667,-18.46,5.71333333333333,3.27170457659376,|,
BH-01571,E.lucius,2020-02-28,520,,f,,,Muscle,NRB,,,16.45,-18.0166666666667,8.28333333333333,3.24216596824317,|,
BH-01572,E.lucius,2020-02-28,670,,m,,,Muscle,NRB,,,17.1366666666667,-18.1566666666667,8.21666666666667,3.26885858460523,|,
BH-01573,E.lucius,2020-02-29,540,,f,,,Muscle,NRB,,,16.7566666666667,-18.1533333333333,7.22666666666667,3.21906683052866,|,
BH-01574,E.lucius,2020-02-20,460,,m,684.52,,Muscle,NRB,,,15.7966666666667,-18.0966666666667,6.48666666666667,3.25356327987907,|,
BH-01575,E.lucius,2020-02-28,520,,m,,,Muscle,NRB,,,16.93,-18.3566666666667,6.58333333333333,3.24156236153512,|,
BH-01576,E.lucius,2020-02-28,570,,f,,,Muscle,NRB,,,16.73,-18.7033333333333,6.31,3.25089306139766,|,
BH-01577,E.lucius,,670,,m,,,Muscle,NRB,,,14.9433333333333,-16.2633333333333,9.4,3.28417020574476,|,
BH-01578,E.lucius,2020-02-28,650,,m,,,Muscle,NRB,,,16.7833333333333,-18.0266666666667,7.51666666666667,3.22738924895882,|,
BH-01579,E.lucius,2020-02-28,540,,f,,,Muscle,NRB,,,16.4966666666667,-17.75,7.85333333333333,3.21402017769283,|,
BH-01580,E.lucius,2020-02-28,490,,f,,,Muscle,NRB,,,16.27,-18.0233333333333,6.02333333333333,3.15665325075675,|,
BH-01581,E.lucius,2020-02-28,470,,m,,,Muscle,NRB,,,16.5733333333333,-18.62,5.7,3.22750371584241,|,
BH-01582,E.lucius,,830,,f,,,Muscle,NRB,,,17.61,-18.1366666666667,7.9,3.18531526418499,|,
BH-01583,E.lucius,,1160,,f,,,Muscle,DZB,,,16.4566666666667,-19.03,8.14666666666667,2.99581887421249,|,
BH-01584,E.lucius,,720,,m,,,Muscle,NRB,,,14.8233333333333,-16.97,10.68,3.03658370016258,|,
BH-01585,E.lucius,,760,,m,,,Muscle,NRB,,,15.485,-16.03,10.29,3.03049898621101,"Drift Standard before didn't fall into reactor, so maybe measured together with sample | ",
BH-01585,E.lucius,,760,,m,,,Muscle,NRB,,,15.485,-16.03,10.29,3.03049898621101,|,
BH-01586,E.lucius,,760,,f,,,Muscle,NRB,,,14.9066666666667,-18.0933333333333,10.3133333333333,3.24622892572192,|,
BH-01588,E.lucius,,1050,,f,,,Muscle,KJB,,,16.685,-17.8966666666667,5.29333333333333,3.14558084278135,|,
BH-01589,E.lucius,,690,,m,,,Muscle,NRB,,,14.61,-17.34,9.18,3.3069246907119,|,
BH-01590,E.lucius,,780,,m,,,Muscle,NRB,,,15.05,-16.51,9.33,3.31437305705549,|,
BH-01590,E.lucius,,780,,m,,,Muscle,NRB,,,15.05,-16.51,9.33,3.31437305705549,Sample didnt fall into reactor |,
BH-01590,E.lucius,,780,,m,,,Muscle,NRB,,,15.05,-16.51,9.33,3.31437305705549,Sample measured together with sample before |,
BH-01592,E.lucius,,600,,m,,,Muscle,NRB,,,13.86,-16.4433333333333,8.69,3.09548849243142,|,
BH-01594,E.lucius,,630,,f,,,Muscle,NRB,,,14.54,-16.6266666666667,9.32,3.04195698129017,|,
BH-01595,E.lucius,,690,,m,,,Muscle,NRB,,,14.77,-16.8366666666667,10.0633333333333,3.13117640717941,|,
BH-01596,E.lucius,,660,,f,,,Muscle,NRB,,,16.5733333333333,-19.3333333333333,9.72,2.99498482607963,|,
BH-01597,E.lucius,,760,,f,,,Muscle,NRB,,,17.5666666666667,-19.5666666666667,10.47,3.04624340717124,|,
BH-01598,E.lucius,,750,,f,,,Muscle,NRB,,,16.5,-18.8866666666667,12.8233333333333,3.24580022617346,|,
BH-01599,E.lucius,,810,,m,,,Muscle,DZB,,,16.3133333333333,-18.31,9.19333333333333,2.99871940467291,|,
BH-01601,E.lucius,2021-09-19,750,,m,,,Muscle,WRB,13.19738,54.3815,16.2866666666667,-17.0933333333333,8.31666666666667,3.31147903351706,|,
BH-01701,E.lucius,,880,,f,,,Muscle,NRB,,,17.5966666666667,-18.9066666666667,8.87333333333333,3.0117936160398,|,
BH-01705,E.lucius,2019-12-23,580,,m,1800,,Muscle,WRB,,,14.4033333333333,-16.2,7.60666666666667,3.31635644795802,|,
BH-01709,E.lucius,2019-12-05,750,,f,4400,,Muscle,WRB,,,15.32,-16.97,8.43,3.25466114342688,|,
BH-01713,E.lucius,2020-01-08,980,,f,7200,,Muscle,WRB,,,16.8033333333333,-17.22,9.74,3.16248767988698,|,
BH-01715,E.lucius,2020-02-26,600,,m,1700,,Muscle,WRB,,,13.85,-16.6,8.435,3.29723888191894,|,
BH-01717,E.lucius,,1040,,f,,,Muscle,NRB,,,17.6766666666667,-18.3766666666667,7.61,2.9727082815979,|,
BH-01719,E.lucius,2019-12-23,550,,f,1400,,Muscle,WRB,,,14.4566666666667,-15.935,8.05,3.24574394986693,|,
BH-01722,E.lucius,,950,,f,,,Muscle,NRB,,,17.425,-18.3816666666667,11.2216666666667,3.18085797401463,|,
BH-01722,E.lucius,,950,,f,,,Muscle,NRB,,,17.425,-18.3816666666667,11.2216666666667,3.18085797401463,"",
BH-01724,E.lucius,2019-12-23,540,,f,1600,,Muscle,WRB,,,14.6166666666667,-16.2033333333333,6.98333333333333,3.21022242287545,|,
BH-01731,E.lucius,2020-01-08,950,,m,6800,,Muscle,WRB,,,15.9933333333333,-17.4366666666667,10.6166666666667,2.98925122907313,|,
BH-01734,E.lucius,2019-12-23,790,,f,5600,,Muscle,WRB,,,16.3533333333333,-18.37,9.09333333333333,2.9955375173968,|,
BH-01737,E.lucius,2020-02-27,1130,,f,11500,,Muscle,WRB,,,15.75,-18.8583333333333,10.0583333333333,3.22194963951172,|,
BH-01738,E.lucius,2019-12-23,860,,f,5400,,Muscle,WRB,,,16.4333333333333,-19.22,10.8633333333333,3.20050669272764,|,
BH-01739,E.lucius,2020-02-27,850,,f,4900,,Muscle,WRB,,,15.15,-16.6666666666667,9.94,3.02424604155252,|,
BH-01740,E.lucius,2019-12-23,1030,,f,9300,,Muscle,WRB,,,15.98,-19.2733333333333,9.05666666666667,3.17338912235784,|,
BH-01746,E.lucius,,850,,f,6200,,Muscle,WRB,,,16.01,-18.085,10.125,3.07551016770928,"Drift Standard before didn't fall into reactor, so maybe measured together with sample | ",
BH-01746,E.lucius,,850,,f,6200,,Muscle,WRB,,,16.01,-18.085,10.125,3.07551016770928,|,
BH-01749,E.lucius,,500,,m,,,Muscle,NRB,,,16.5933333333333,-19.5133333333333,6.71666666666667,3.24286764826144,|,
BH-01752,E.lucius,2020-05-01,693,,m,2280,,Muscle,WRB,,,15.2433333333333,-17.1833333333333,9.77333333333333,3.06594169847129,|,
BH-01753,E.lucius,2020-05-01,613,,m,1860,,Muscle,WRB,,,15.5933333333333,-16.7366666666667,8.14,3.23192979809904,|,
BH-01755,E.lucius,2020-02-26,770,,f,3400,,Muscle,WRB,,,15.56,-17.9566666666667,9.90666666666667,3.2013579887871,|,
BH-01756,E.lucius,2020-05-28,812,,m,3460,,Muscle,WRB,,,15.55,-18.3866666666667,10.63,3.1755400657499,|,
BH-01758,E.lucius,2020-05-01,682,,m,2580,,Muscle,WRB,,,15.3266666666667,-17.24,8.52666666666667,3.22213251466766,|,
BH-01759,E.lucius,2020-05-28,741,,m,2500,,Muscle,WRB,,,15.2066666666667,-16.4466666666667,8.96,3.1642940430621,|,
BH-01760,E.lucius,2020-05-28,806,,f,4300,,Muscle,WRB,,,16.9,-17.0533333333333,8.29333333333333,3.22653011976009,|,
BH-01761,E.lucius,,740,,m,,,Muscle,NRB,,,14.02,-16.93,9.39666666666667,3.05999535369146,|,
BH-01763,E.lucius,,560,,f,,,Muscle,NRB,,,13.51,-17.005,8.125,3.33416274217833,|,
BH-01764,E.lucius,,680,,f,,,Muscle,NRB,,,14.2266666666667,-17.1966666666667,8.29,3.19572409097713,|,
BH-01779,E.lucius,2020-05-01,825,,f,4820,,Muscle,WRB,,,17.2066666666667,-17.8633333333333,9.28666666666667,3.27600839592518,|,
BH-01781,E.lucius,2020-05-01,672,,m,2080,,Muscle,WRB,,,16.1366666666667,-16.8866666666667,8.68666666666667,3.06275480173887,|,
BH-01783,E.lucius,2020-02-27,670,,m,2200,,Muscle,WRB,,,14.7966666666667,-16.7766666666667,8.94,3.06922207285129,|,
BH-01787,E.lucius,2019-12-05,730,,m,3600,,Muscle,WRB,,,16.2133333333333,-17.1966666666667,8.84333333333333,3.20818687329298,|,
BH-01789,E.lucius,2020-02-26,600,,m,1700,,Muscle,WRB,,,15.6833333333333,-17.75,8.54666666666667,3.32578960320016,|,
BH-01797,E.lucius,2020-05-01,584,,m,1860,,Muscle,WRB,,,15.9833333333333,-16.8,8.27,3.01470949209673,|,
BH-01802,E.lucius,2020-05-01,638,,m,1980,,Muscle,WRB,,,15.9966666666667,-16.9033333333333,9.47333333333333,3.08490152077622,|,
BH-01803,E.lucius,2019-11-24,600,,m,1900,,Muscle,WRB,,,15.7366666666667,-16.5666666666667,7.93666666666667,3.01527367653633,|,
BH-01804,E.lucius,2020-02-27,690,,m,2600,,Muscle,WRB,,,14.9366666666667,-17.29,9.31666666666667,3.06848130459327,|,
BH-01805,E.lucius,2020-02-27,670,,m,2500,,Muscle,WRB,,,15.8833333333333,-16.55,9.08666666666667,3.07116057937624,|,
BH-01806,E.lucius,2020-02-26,570,,m,1300,,Muscle,WRB,,,14.5566666666667,-16.76,8.12,3.08814842467372,|,
BH-01809,E.lucius,2020-02-26,520,,m,900,,Muscle,WRB,,,15.3966666666667,-16.85,7.92333333333333,3.05420998854485,|,
BH-01810,E.lucius,2020-02-26,750,,m,3200,,Muscle,WRB,,,15.7433333333333,-16.9866666666667,9.10666666666667,3.1602033968118,|,
BH-01811,E.lucius,2019-11-26,750,,f,4000,,Muscle,WRB,,,15.5733333333333,-16.8566666666667,8.44,3.03424556148012,|,
BH-01812,E.lucius,2019-11-22,1020,,f,8900,,Muscle,WRB,,,16.5566666666667,-18.74,11.89,3.02681771699185,|,
BH-01813,E.lucius,2020-05-01,682,,m,2580,,Muscle,WRB,,,15.29,-16.1,8.05,3.09329650753466,|,
BH-01816,E.lucius,2020-02-26,580,,m,1500,,Muscle,WRB,,,14.9533333333333,-16.1833333333333,9.17,3.36375727279865,|,
BH-01818,E.lucius,2020-02-26,520,,f,1000,,Muscle,WRB,,,15.0633333333333,-16.7566666666667,6.38,3.07074007661825,|,
BH-01819,E.lucius,2020-02-27,680,,m,2800,,Muscle,WRB,,,15.5133333333333,-17.3966666666667,9.62,3.26284245773072,|,
BH-01821,E.lucius,2019-12-05,590,,m,2000,,Muscle,WRB,,,14.67,-17.42,10.4733333333333,3.05003838086185,|,
BH-01824,E.lucius,2020-05-01,617,,m,1920,,Muscle,WRB,,,15.63,-16.7266666666667,8.55333333333333,3.29153794329187,|,
BH-01825,E.lucius,2020-02-26,770,,m,3300,,Muscle,WRB,,,15.9966666666667,-16.8533333333333,9.08,3.0942429122637,|,
BH-01828,E.lucius,2020-05-28,669,,m,2310,,Muscle,WRB,,,16.15,-17.25,8.95,3.23770358816305,|,
BH-01835,E.lucius,2020-02-26,820,,m,3800,,Muscle,WRB,,,15.1133333333333,-16.6666666666667,8.62,3.27143815333464,|,
BH-01837,E.lucius,2019-12-23,800,,f,6200,,Muscle,WRB,,,15.9933333333333,-17.4433333333333,8.82333333333333,3.25953085450801,|,
BH-01838,E.lucius,,1010,,f,8000,,Muscle,WRB,,,16.0233333333333,-19.0966666666667,11.7933333333333,3.22598626393765,|,
BH-01839,E.lucius,2019-12-23,780,,f,5800,,Muscle,WRB,,,15.6333333333333,-16.7966666666667,8.79666666666667,3.27688631400203,|,
BH-01841,E.lucius,2020-05-01,685,,m,2320,,Muscle,WRB,,,18.0866666666667,-19.2833333333333,11.4366666666667,3.27545653719909,|,
BH-01842,E.lucius,2020-05-01,578,,m,1680,,Muscle,WRB,,,16.1033333333333,-17,8.34,3.24876509097757,|,
BH-01845,E.lucius,,810,,m,3900,,Muscle,WRB,,,15.4633333333333,-18.4766666666667,10.16,3.21929877830753,|,
BH-01846,E.lucius,2020-02-16,880,,f,,,Muscle,NRB,,,16.9666666666667,-18.8733333333333,8.69,3.06656516102081,|,
BH-01848,E.lucius,2019-12-17,810,,f,4700,,Muscle,WRB,,,15.6966666666667,-16.92,11.4466666666667,3.15227824963829,|,
BH-01850,E.lucius,2020-02-14,910,,f,,,Muscle,NRB,,,16.4833333333333,-19.1133333333333,9.79666666666667,2.99182188984981,|,
BH-01851,E.lucius,2020-05-01,593,,m,1620,,Muscle,WRB,,,15.2966666666667,-16.5733333333333,7.83,3.26793017877718,|,
BH-01855,E.lucius,2020-05-01,722,,m,2500,,Muscle,WRB,,,15.9033333333333,-17.8533333333333,9.87666666666667,3.24026353777503,|,
BH-01856,E.lucius,2020-05-01,692,,m,2300,,Muscle,WRB,,,15.85,-16.9566666666667,11.4266666666667,3.1191639874988,|,
BH-01859,E.lucius,2020-05-01,639,,m,2080,,Muscle,WRB,,,15.39,-16.4566666666667,10.3,3.10601305619028,|,
BH-01860,E.lucius,2020-02-27,940,,f,7900,,Muscle,WRB,,,14.83,-17.18,9.78666666666667,3.2338188612053,|,
BH-01862,E.lucius,2020-02-27,690,,m,2300,,Muscle,WRB,,,16.2866666666667,-16.92,9.26,3.26512404846672,|,
BH-01863,E.lucius,2019-12-17,850,,f,5200,,Muscle,WRB,,,16.3166666666667,-17.27,8.82333333333333,3.30112074522236,|,
BH-01867,E.lucius,2019-11-23,820,,f,4800,,Muscle,WRB,,,16.5,-17.2066666666667,9.20333333333333,3.32575075368052,|,
BH-01868,E.lucius,2020-01-08,1010,,f,8700,,Muscle,WRB,,,16.3466666666667,-18.9333333333333,9.67666666666667,3.19231716842785,|,
BH-01869,E.lucius,2019-12-17,730,,f,3300,,Muscle,WRB,,,15.56,-16.515,8.7,3.24056590986763,Sample didnt fall into reactor |,
BH-01869,E.lucius,2019-12-17,730,,f,3300,,Muscle,WRB,,,15.56,-16.515,8.7,3.24056590986763,Sample measured together with sample before |,
BH-01869,E.lucius,2019-12-17,730,,f,3300,,Muscle,WRB,,,15.56,-16.515,8.7,3.24056590986763,|,
BH-01871,E.lucius,2020-05-28,833,,f,4400,,Muscle,WRB,,,16.0533333333333,-17.4233333333333,9.02,3.25243327084976,|,
BH-01872,E.lucius,2019-12-23,810,,f,5400,,Muscle,WRB,,,15.41,-17.0333333333333,8.2,3.20991549887269,|,
BH-01880,E.lucius,2020-11-08,600,,m,,,Muscle,GB,,,16.1566666666667,-17.725,11.1266666666667,3.12701643266482,|,
BH-01881,E.lucius,2020-11-08,600,,m,,,Muscle,GB,,,16.4233333333333,-16.985,11.575,3.09683041563087,|,
BH-01882,E.lucius,2020-11-12,670,,f,,,Muscle,GB,,,15.5433333333333,-16.4366666666667,8.24333333333333,3.20640363045073,|,
BH-01883,E.lucius,2020-11-12,870,,f,,,Muscle,GB,,,17.03,-18.2866666666667,10.1933333333333,3.1964351826648,|,
BH-01884,E.lucius,2020-11-08,700,,f,,,Muscle,GB,,,15.7033333333333,-16.855,9.23,3.16234663085484,|,
BH-01885,E.lucius,2020-11-27,796,,f,,,Muscle,GB,,,17.055,-19.0866666666667,11.8616666666667,3.17151562017261,|,
BH-01886,E.lucius,2020-11-27,640,,m,1986,,Muscle,GB,,,16.0933333333333,-17.165,8.65833333333333,3.11452909381503,|,
BH-01887,E.lucius,2020-11-27,679,,m,2294,,Muscle,GB,,,17.4425,-18.6525,9.82,3.16808099384358,|,
BH-01888,E.lucius,2020-11-27,687,,f,2316,,Muscle,GB,,,17.3875,-18.1875,9.225,3.20807544561273,|,
BH-01889,E.lucius,2020-11-27,837,,f,,,Muscle,GB,,,16.3128571428571,-17.3014285714286,10.8185714285714,3.09809139074903,|,
BH-01890,E.lucius,2020-11-27,864,,f,,,Muscle,GB,,,17.61,-18.4666666666667,8.64333333333333,3.22547041282538,|,
BH-01891,E.lucius,2020-11-27,870,,f,4348,,Muscle,GB,,,17.3283333333333,-19.225,11.25,3.14435593025767,|,
BH-01892,E.lucius,2020-11-27,635,,m,1772,,Muscle,GB,,,16.1975,-16.8275,7.9975,3.19918344701914,|,
BH-01893,E.lucius,2020-11-10,650,,m,,,Muscle,GB,,,16.0025,-17.035,11.5325,3.21047715030262,|,
BH-01894,E.lucius,2020-11-13,600,,m,,,Muscle,GB,,,16.06,-17.17,9.98,3.03127079174983,|,
BH-01897,E.lucius,2020-11-13,600,,m,,,Muscle,GB,,,16.3333333333333,-16.48,11.9633333333333,3.22092326075204,|,
BH-01898,E.lucius,2020-11-08,700,,f,,,Muscle,GB,,,15.9933333333333,-16.7533333333333,12.05,3.23550347733354,|,
BH-01899,E.lucius,2020-11-10,760,,f,,,Muscle,GB,,,15.9733333333333,-16.7966666666667,11.5533333333333,3.20611937647918,|,
BH-01902,E.lucius,2020-11-01,500,,m,,,Muscle,GB,,,16.1633333333333,-16.3133333333333,11.6066666666667,3.23771546774242,|,
BH-01903,E.lucius,2020-11-27,439,,f,596,,Muscle,GB,,,15.4566666666667,-18.0266666666667,7.20333333333333,3.21284949270046,|,
BH-01904,E.lucius,2020-11-27,404,,f,474,,Muscle,GB,,,14.37,-19.7333333333333,5.60666666666667,3.24575285985534,|,
BH-01906,E.lucius,2019-11-05,1230,,f,13600,,Muscle,WRB,,,16.7833333333333,-19.2366666666667,14.87,3.24802733555019,|,
BH-01908,E.lucius,2021-01-30,876,,f,,,Muscle,GB,,,16.6033333333333,-18.0233333333333,14.6466666666667,3.22067269071766,|,
BH-01922,E.lucius,2020-02-01,1262,,f,14600,,Muscle,WRB,,,16.6766666666667,-17.93,11.5433333333333,3.20324758066986,|,
BH-90001,E.lucius,2020-02-06,591,,m,1630,,Muscle,GB,13.39109,54.27662,15.12,-18.185,9.02,3.40890853175331,"Sample was measured together with sample before, amount is adjusted",
BH-90001,E.lucius,2020-02-06,591,,m,1630,,Muscle,GB,13.39109,54.27662,15.12,-18.185,9.02,3.40890853175331,"",
BH-90002,E.lucius,2020-02-05,762,,m,3202,,Muscle,NRB,13.37343,54.61217,15.89,-17.53,16.08,3.40511551155116,"",
BH-90003,E.lucius,2020-02-04,931,,f,6904,,Muscle,NRB,13.37343,54.61217,15.5133333333333,-18.28,19.8766666666667,3.49970261101807,"",
BH-90006,E.lucius,2020-02-17,678,,f,2462,,Muscle,Freshwater,13.02828,53.90387,19.48,-26.35,2.13,3.23347398030942,"",
BH-90007,E.lucius,2020-02-17,804,,f,3346,,Muscle,KJB,13.50849,54.47817,16.9233333333333,-17.6833333333333,4.62333333333333,3.29231031965054,"",
BH-90008,E.lucius,2020-02-17,563,,m,1404,,Muscle,Freshwater,13.02828,53.90387,19.22,-25.7,2.65,3.12665274878219,"",
BH-90009,E.lucius,2020-02-14,705,,f,2670,,Muscle,GB,13.70016,54.29596,15.6933333333333,-17.0566666666667,10.1433333333333,3.38906527929305,"",
BH-90010,E.lucius,2020-02-17,689,,f,2828,,Muscle,Freshwater,13.02828,53.90387,18.935,-26.375,1.075,3.1413864104324,"",
BH-90011,E.lucius,2020-02-14,641,,f,1954,,Muscle,GB,13.70016,54.29596,15.4733333333333,-17.4333333333333,9.74666666666667,3.40590649869646,"",
BH-90011,E.lucius,2020-02-14,641,,f,1954,,Muscle,GB,13.70016,54.29596,15.4733333333333,-17.4333333333333,9.74666666666667,3.40590649869646,Correct amount?,
BH-90013,E.lucius,2020-02-17,688,,f,3096,,Muscle,Freshwater,13.02828,53.90387,20.17,-26.21,1.62,3.18978150082518,"",
BH-90016,E.lucius,2020-02-14,637,,f,1932,,Muscle,GB,13.70016,54.29596,15.8,-18.2741010504085,13.17,3.51318764129616,"",
BH-90017,E.lucius,2020-02-14,677,,f,2334,,Muscle,GB,13.70016,54.29596,15.56,-17.15,11.0466666666667,3.30718551103009,"",
BH-90019,E.lucius,2020-02-14,821,,f,4896,,Muscle,GB,13.70016,54.29596,15.1433333333333,-20.0823230771646,15.8433333333333,3.53084057867445,"",
BH-90021,E.lucius,2020-02-24,758,,f,3926,,Muscle,KJB,13.50877,54.47808,17.4733333333333,-19.0633333333333,7.80666666666667,3.48388538892463,"",
BH-90023,E.lucius,2020-02-17,613,,f,1958,,Muscle,Freshwater,13.02828,53.90387,19.96,-26.47,2.33,3.21994990186964,"",
BH-90025,E.lucius,2020-02-17,645,,m,2046,,Muscle,KJB,13.50849,54.47817,18.3966666666667,-18.0095479267474,8.62333333333333,3.60511340250554,Homogeneity of replicates?,
BH-90025,E.lucius,2020-02-17,645,,m,2046,,Muscle,KJB,13.50849,54.47817,18.3966666666667,-18.0095479267474,8.62333333333333,3.60511340250554,"",
BH-90028,E.lucius,2020-02-14,589,,f,1474,,Muscle,GB,13.70016,54.29596,14.55,-16.1719170452478,10.72,3.50148148148148,"",
BH-90029,E.lucius,2020-02-17,761,,f,3294,,Muscle,Freshwater,13.02828,53.90387,20.42,-26.26,2.67,3.27448337278293,"",
BH-90030,E.lucius,2020-02-17,677,,m,2176,,Muscle,Freshwater,13.02828,53.90387,18.375,-22.4,7.28,3.3165965248552,"",
BH-90031,E.lucius,2020-02-17,977,,f,7922,,Muscle,Freshwater,13.02828,53.90387,20.93,-26.01,3.69,3.26849469994853,"",
BH-90032,E.lucius,2020-02-14,723,,f,3232,,Muscle,GB,13.70016,54.29596,15.77,-17.255,11.46,3.42613556492233,"",
BH-90034,E.lucius,2020-02-13,749,,m,3270,,Muscle,NRB,13.46558,54.55407,16.625,-18.105,10.44,3.33157809983897,"",
BH-90036,E.lucius,2020-02-18,755,,f,3744,,Muscle,Freshwater,13.36772,53.92109,20.095,-24.755,5.95,3.30661187929671,"",
BH-90037,E.lucius,2020-02-14,603,,f,1494,,Muscle,GB,13.70016,54.29596,15.48,-17.4566666666667,10.7033333333333,3.40455646887576,"",
BH-90039,E.lucius,2020-02-18,625,,m,1700,,Muscle,Freshwater,13.36772,53.92109,20.49,-25.68,5.05,3.28801697851463,"",
BH-90041,E.lucius,2020-02-18,694,,f,3232,,Muscle,Freshwater,13.36772,53.92109,19.1,-25.82,4.28,3.31928142779207,"",
BH-90046,E.lucius,2020-02-14,695,,m,2492,,Muscle,GB,13.70016,54.29596,15.9933333333333,-19.2833333333333,15.1,3.48908818264557,"",
BH-90049,E.lucius,2020-02-14,586,,f,1378,,Muscle,KJB,13.50877,54.47808,16.125,-17.755,3.81,3.2169385344595,"",
BH-90050,E.lucius,2020-02-28,890,,f,6748,,Muscle,S,13.12224,54.32929,15.49,-19.18,17.135,3.31573338680763,"",
BH-90054,E.lucius,2020-02-19,564,,f,1568,,Muscle,Freshwater,13.62226,53.86732,18.07,-25.225,6.675,3.23039438068019,"",
BH-90056,E.lucius,2020-02-19,841,,f,5444,,Muscle,Freshwater,13.62226,53.86732,18.775,-24.325,7.38,3.16755052575948,"",
BH-90057,E.lucius,2020-02-18,712,,f,2772,,Muscle,Freshwater,13.36772,53.92109,18.2333333333333,-25.8133333333333,4.71,3.29004424122937,"",
BH-90059,E.lucius,2020-02-18,594,,m,1754,,Muscle,Freshwater,13.36772,53.92109,19.755,-25.795,5.065,3.32408233904008,"",
BH-90060,E.lucius,2020-02-19,676,,m,2252,,Muscle,Freshwater,13.64957,53.86111,19.765,-24.51,6.36,3.32465660410962,"",
BH-90061,E.lucius,2020-02-19,713,,m,2744,,Muscle,Freshwater,13.62226,53.86732,19.9,-24.06,7.21,3.3771948563349,"",
BH-90064,E.lucius,2020-02-21,711,,f,2560,,Muscle,S,13.33426,54.27912,18.21,-20.975,12.885,3.23706532663317,"",
BH-90065,E.lucius,2020-02-18,672,,m,2036,,Muscle,Freshwater,13.36772,53.92109,19.58,-25.935,3.57,3.34771421205392,"",
BH-90066,E.lucius,2020-02-28,769,,m,3456,,Muscle,S,13.12224,54.32929,15.89,-18.89,14.895,3.43133024842362,"",
BH-90067,E.lucius,2020-02-19,735,,m,2840,,Muscle,Freshwater,13.62226,53.86732,20.08,-24.49,6.18,3.3322440087146,"",
BH-90068,E.lucius,2020-02-19,580,,m,1476,,Muscle,Freshwater,13.62226,53.86732,18.815,-25.135,5.33,3.29680302715237,"",
BH-90069,E.lucius,2020-02-18,665,,m,2054,,Muscle,Freshwater,13.36772,53.92109,19.24,-23.6042283406409,9.1,3.51299694189602,"",
BH-90070,E.lucius,2020-02-18,635,,f,2100,,Muscle,Freshwater,13.36772,53.92109,17.875,-26.91,3.29,3.22889938681082,"",
BH-90072,E.lucius,2020-03-02,914,,f,5666,,Muscle,P,13.89961,53.97959,17.3766666666667,-20.1974325781054,12.2833333333333,3.68873597474233,"",
BH-90073,E.lucius,2020-03-03,989,,f,8846,,Muscle,S,13.12224,54.32929,15.204,-17.846,12.336,3.40415479768181,"",
BH-90075,E.lucius,2020-03-02,656,,f,2344,,Muscle,WRB,13.15802,54.53845,14.91,-17.3766666666667,10.0566666666667,3.3846165164795,"",
BH-90079,E.lucius,2020-03-03,640,,f,2316,,Muscle,S,13.12224,54.32929,15.75,-20.095,13.625,3.41999381526249,"",
BH-90081,E.lucius,2020-03-03,725,,m,3056,,Muscle,S,13.12224,54.32929,16.556,-17.752,11.848,3.3765659930089,"",
BH-90085,E.lucius,2020-03-03,1170,,f,,,Muscle,S,13.12224,54.32929,16.445,-18.15,13.405,3.37533679753657,"",
BH-90088,E.lucius,2020-02-28,717,,m,2824,,Muscle,S,13.12224,54.32929,16.345,-17.885,13.68,3.37270582643574,"",
BH-90089,E.lucius,2020-02-28,726,,m,2852,,Muscle,S,13.12224,54.32929,16.585,-17.91,12.525,3.31359002225327,"",
BH-90091,E.lucius,2020-02-28,780,,f,4410,,Muscle,S,13.12224,54.32929,15.985,-18.11,12.09,3.30155515477634,"",
BH-90092,E.lucius,2020-02-28,616,,m,2098,,Muscle,S,13.12224,54.32929,15.415,-17.97,8.8,3.24615362495366,"",
BH-90094,E.lucius,2020-02-28,777,,f,4324,,Muscle,S,13.12224,54.32929,15.74,-17.4,13.885,3.32030786998344,"",
BH-90099,E.lucius,2020-03-03,880,,f,5930,,Muscle,S,13.12224,54.32929,16.485,-18.445,13.93,3.27184986230393,"",
BH-90103,E.lucius,2020-03-03,971,,f,9016,,Muscle,S,13.12224,54.32929,16.78,-19.59,16.14,3.43272171253823,"",
BH-90105,E.lucius,2020-02-28,681,,m,2914,,Muscle,S,13.12224,54.32929,16.56,-18.595,14.025,3.40480053651783,"",
BH-90106,E.lucius,2020-03-02,557,,f,1454,,Muscle,WRB,13.15802,54.53845,13.41,-17.3116646536404,10.5266666666667,3.77824891302137,"",
BH-90107,E.lucius,2020-03-03,744,,m,3266,,Muscle,S,13.12224,54.32929,16.68,-17.51,13.225,3.41167398087767,"",
BH-90109,E.lucius,2020-03-02,700,,f,2456,,Muscle,P,13.89961,53.97959,15.25,-21.94,9.38333333333333,3.4035217806607,"",
BH-90110,E.lucius,2020-02-28,671,,m,2398,,Muscle,S,13.12224,54.32929,15.74,-18.58,12.46,3.46945218944462,"",
BH-90111,E.lucius,2020-02-28,744,,m,3080,,Muscle,S,13.12224,54.32929,16.745,-18.84,13.68,3.39448103966016,"",
BH-90112,E.lucius,2020-03-03,786,,f,3562,,Muscle,S,13.12224,54.32929,16.78,-18.66,14.95,3.28179824561404,"",
BH-90113,E.lucius,2020-02-28,1005,,f,7862,,Muscle,S,13.12224,54.32929,16.615,-18.0675,13.2875,3.34280524866483,"",
BH-90116,E.lucius,2020-03-03,753,,m,3288,,Muscle,S,13.12224,54.32929,16.525,-17.69,13.235,3.29369264141498,"",
BH-90117,E.lucius,2020-02-27,719,,m,2790,,Muscle,DZB,12.945,54.43843,16.7433333333333,-17.2764530095342,11.28,3.58971053089946,"",
BH-90119,E.lucius,2020-03-02,668,,f,2480,,Muscle,WRB,13.15802,54.53845,15.31,-16.915,10.46,3.33846989646642,"",
BH-90120,E.lucius,2020-02-27,800,,f,4396,,Muscle,DZB,12.94354,54.43757,14.68,-20.3666666666667,12.8766666666667,3.43697236558064,"",
BH-90121,E.lucius,2020-03-03,800,,f,4526,,Muscle,S,13.12224,54.32929,16.54,-19.32,13.485,3.31389213187096,"",
BH-90122,E.lucius,2020-03-02,706,,m,2926,,Muscle,WRB,13.15802,54.53845,14.1,-17.5825922331978,12.9033333333333,3.58549134489075,"",
BH-90123,E.lucius,2020-03-03,741,,m,3086,,Muscle,S,13.12224,54.32929,15.07,-18.92,13.435,3.39771647019666,"",
BH-90124,E.lucius,2020-02-27,875,,f,5176,,Muscle,DZB,12.94354,54.43757,15.83,-19.14,11.5833333333333,3.4114847037393,"",
BH-90126,E.lucius,2020-02-28,755,,m,3248,,Muscle,S,13.12224,54.32929,16.345,-17.255,13.805,3.29840940866848,"",
BH-90128,E.lucius,2020-03-03,870,,f,5814,,Muscle,S,13.12224,54.32929,16.49,-17.485,13.83,3.24767605184192,"",
BH-90129,E.lucius,2020-03-03,804,,m,3702,,Muscle,S,13.12224,54.32929,16.545,-17.59,13.13,3.43532603121496,"",
BH-90130,E.lucius,2020-02-27,754,,f,4206,,Muscle,DZB,12.94327,54.4253,15.55,-17.4233333333333,9.34333333333333,3.29589458170388,"",
BH-90132,E.lucius,2020-02-27,995,,f,7940,,Muscle,DZB,12.95194,54.43716,15.77,-20.35,13.09,3.30712365591398,"",
BH-90133,E.lucius,2020-02-27,955,,f,7028,,Muscle,DZB,12.94878,54.43542,15.27,-18.8466666666667,11.7666666666667,3.45995651948518,"",
BH-90134,E.lucius,2020-02-27,826,,f,5002,,Muscle,DZB,12.95143,54.43487,15.8833333333333,-19.06,12.6066666666667,3.47549584270459,"",
BH-90135,E.lucius,2020-03-03,815,,m,4160,,Muscle,S,13.12224,54.32929,16.43,-17.795,14.245,3.4947018809941,"",
BH-90136,E.lucius,2020-02-28,1102,,f,11776,,Muscle,S,13.12224,54.32929,16.675,-18.72,12.395,3.31900640329933,"",
BH-90138,E.lucius,2020-03-03,753,,f,3944,,Muscle,S,13.12224,54.32929,16.21,-17.5830838426099,14.82,3.5897644191714,"",
BH-90139,E.lucius,2020-03-03,771,,f,3174,,Muscle,S,13.12224,54.32929,16.585,-18.625,14.095,3.32518014433349,"",
BH-90140,E.lucius,2020-03-03,940,,f,6646,,Muscle,S,13.12224,54.32929,16.25,-18.01,14.42,3.41087613293051,"",
BH-90141,E.lucius,2020-02-28,745,,m,3132,,Muscle,S,13.12224,54.32929,17.465,-18.515,13.665,3.36538393955368,"",
BH-90141,E.lucius,2020-02-28,745,,m,3132,,Muscle,S,13.12224,54.32929,17.465,-18.515,13.665,3.36538393955368,Homogeneity of replicates?,
BH-90142,E.lucius,2020-03-03,894,,f,5148,,Muscle,S,13.12224,54.32929,16.15,-18.77,14.22,3.31838201405692,"",
BH-90144,E.lucius,2020-03-03,799,,f,4112,,Muscle,S,13.12224,54.32929,16.72,-17.915,13.515,3.20359463981918,"",
BH-90145,E.lucius,2020-03-03,721,,m,3156,,Muscle,S,13.12224,54.32929,16.845,-17.68,13.56,3.39247952211704,"",
BH-90146,E.lucius,2020-03-03,730,,m,2828,,Muscle,S,13.12224,54.32929,16.48,-17.36,13.92,3.26682134570766,"",
BH-90147,E.lucius,2020-03-03,1082,,f,10186,,Muscle,S,13.12224,54.32929,16.36,-16.31,14.77,3.01898734177215,"",
BH-90148,E.lucius,2020-03-03,696,,m,2662,,Muscle,S,13.12224,54.32929,16.865,-16.55,11.94,3.28555155331545,"",
BH-90149,E.lucius,2020-03-03,739,,m,2950,,Muscle,S,13.12224,54.32929,16.61,-17.815,13.585,3.3579392605999,"",
BH-90152,E.lucius,2020-03-03,695,,m,2602,,Muscle,S,13.12224,54.32929,15.95,-17.7,13.075,3.35179436835883,"",
BH-90154,E.lucius,2020-03-03,712,,f,3118,,Muscle,S,13.12224,54.32929,16.19,-18.22,13.195,3.27258312340319,"",
BH-90155,E.lucius,2020-03-03,726,,m,3108,,Muscle,S,13.12224,54.32929,16.525,-18.29,12.755,3.33432687201275,"",
BH-90156,E.lucius,2020-03-03,798,,f,4690,,Muscle,S,13.12224,54.32929,16.3,-19.695,13.345,3.27469571372005,"",
BH-90157,E.lucius,2020-03-03,793,,m,3854,,Muscle,S,13.12224,54.32929,16.075,-18.395,12.74,3.44510363618277,"",
BH-90181,E.lucius,2020-03-16,834,,f,5294,,Muscle,WRB,13.10375,54.40762,15.6266666666667,-16.4966666666667,9.96666666666667,3.36540700860629,"",
BH-90187,E.lucius,2020-03-18,646,,m,1874,,Muscle,Freshwater,13.26729,54.38199,15.9233333333333,-16.28,13.0433333333333,3.36260655285679,"",
BH-90190,E.lucius,2020-03-05,792,,f,4472,,Muscle,DZB,12.95131,54.43859,14.885,-16.98,9.885,3.30411915954601,"",
BH-90192,E.lucius,2020-03-04,737,,f,3790,,Muscle,NRB,13.37287,54.61224,15.15,-18.65,17.04,3.43249074772513,"",
BH-90199,E.lucius,2020-03-05,778,,f,4075,,Muscle,DZB,12.95131,54.43859,16.235,-18.64,9.235,3.29537640932302,"",
BH-90202,E.lucius,2020-03-10,705,,f,2870,,Muscle,NRB,13.35324,54.55135,16.0633333333333,-19.2666666666667,17.49,3.4019707146514,"",
BH-90203,E.lucius,2020-03-05,758,,f,4188,,Muscle,DZB,12.95131,54.43859,15.7625,-17.7261152409374,10.0025,3.53640111834814,"",
BH-90207,E.lucius,2020-03-05,706,,m,2724,,Muscle,DZB,12.95131,54.43859,16.5233333333333,-17.1526471853081,8.5,3.51536587200536,"",
BH-90211,E.lucius,2020-03-10,812,,f,3818,,Muscle,NRB,13.35324,54.55135,13.9333333333333,-18.3966666666667,17.3666666666667,3.45626248280461,"",
BH-90219,E.lucius,2020-03-05,774,,m,3070,,Muscle,DZB,12.95131,54.43859,16.045,-18.8,9.475,3.37861640988017,"",
BH-90223,E.lucius,2020-03-09,630,,f,1826,,Muscle,WRB,13.18984,54.45946,14.1733333333333,-16.9937965751396,10.9233333333333,3.63385615063,"",
BH-90224,E.lucius,2020-03-09,659,,f,2232,,Muscle,WRB,13.18984,54.45946,17.3166666666667,-19.1133333333333,10.3933333333333,3.44786912474744,"",
BH-90230,E.lucius,2020-03-05,797,,f,4544,,Muscle,DZB,12.95131,54.43859,16.22,-17.68,10.295,3.34183694285038,"",
BH-90234,E.lucius,2020-03-05,760,,f,3250,,Muscle,GB,13.42143,54.17592,15.67,-18.1237809649091,11.4,3.67914438502674,"",
BH-90240,E.lucius,2020-03-04,701,,f,3156,,Muscle,NRB,13.22779,54.61461,13.7066666666667,-18.31,20.78,3.40888454188563,"",
BH-90241,E.lucius,2020-03-05,677,,m,2222,,Muscle,GB,13.42143,54.17592,15.6466666666667,-16.4533333333333,11.7466666666667,3.27836385387696,"",
BH-90244,E.lucius,2020-03-10,902,,f,4846,,Muscle,NRB,13.35324,54.55135,16.0033333333333,-19.0166666666667,17.6466666666667,3.4278334073866,"",
BH-90245,E.lucius,2020-03-05,635,,f,1912,,Muscle,GB,13.42143,54.17592,15.02,-17.2033333333333,10.4366666666667,3.41737505868402,"",
BH-90247,E.lucius,2020-03-05,741,,m,2854,,Muscle,GB,13.42143,54.17592,16.08,-18.7064233104539,15.27,3.51719970588749,"",
BH-90247,E.lucius,2020-03-05,741,,m,2854,,Muscle,GB,13.42143,54.17592,16.08,-18.7064233104539,15.27,3.51719970588749,Homogeneity of replicates? Correct amount?,
BH-90248,E.lucius,2020-03-05,724,,m,3458,,Muscle,DZB,12.95131,54.43859,16.4025,-18.315,8.58,3.36311135945447,"",
BH-90254,E.lucius,2020-03-06,753,,f,2690,,Muscle,NRB,13.48941,54.55813,15.965,-19.14,6.775,3.2000231754593,"",
BH-90255,E.lucius,2020-03-11,641,,m,1970,,Muscle,NRB,13.37753,54.54492,16.835,-18.11,8.955,3.2790248203262,"",
BH-90256,E.lucius,2020-03-09,656,,f,2630,,Muscle,NRB,13.35297,54.55126,15.5966666666667,-19.31,15.69,3.31479131192401,"",
BH-90259,E.lucius,2020-03-09,770,,m,3498,,Muscle,WRB,13.18984,54.45946,16.07,-17.95,11.4866666666667,3.42574442395229,"",
BH-90264,E.lucius,2020-03-05,689,,m,2112,,Muscle,GB,13.42143,54.17592,16.0233333333333,-18.7866666666667,14.2966666666667,3.38284511234978,"",
BH-90269,E.lucius,2020-03-09,752,,m,3628,,Muscle,WRB,13.18984,54.45946,15.9633333333333,-16.9566666666667,11.1733333333333,3.46337073582231,"",
BH-90273,E.lucius,2020-03-06,663,,m,2052,,Muscle,NRB,13.48941,54.55813,16.93,-19.21,7.45,3.3289605908947,"",
BH-90276,E.lucius,2020-03-05,690,,m,2282,,Muscle,GB,13.42143,54.17592,15.3166666666667,-18.6914496153409,14.05,3.96665576798213,"",
BH-90282,E.lucius,2020-03-05,656,,f,2180,,Muscle,GB,13.42143,54.17592,15.2166666666667,-17.3833333333333,11.1433333333333,3.39143250413651,"",
BH-90283,E.lucius,2020-03-05,625,,m,1864,,Muscle,GB,13.42143,54.17592,16.3733333333333,-18.1766666666667,13.1333333333333,3.46082630325687,"",
BH-90284,E.lucius,2020-03-09,762,,m,2990,,Muscle,WRB,13.18984,54.45946,15.5666666666667,-18.33,12.8633333333333,3.4010758787865,"",
BH-90285,E.lucius,2020-03-04,791,,m,3928,,Muscle,P,13.89961,53.97959,17.24,-22.2635068406261,8.88333333333333,3.54406455701208,"",
BH-90288,E.lucius,2020-03-09,736,,m,3400,,Muscle,WRB,13.18984,54.45946,16.0833333333333,-16.47,11.4066666666667,3.45424751957122,"",
BH-90289,E.lucius,2020-03-09,710,,m,2866,,Muscle,WRB,13.18984,54.45946,16.6966666666667,-18.8766666666667,8.94666666666667,3.44768901969229,"",
BH-90290,E.lucius,2020-03-09,735,,m,2718,,Muscle,WRB,13.18984,54.45946,13.71,-18.0141223543656,11.78,3.70886075949367,"",
BH-90291,E.lucius,2020-03-09,625,,m,1906,,Muscle,WRB,13.18984,54.45946,16.2366666666667,-19.4566666666667,8.40666666666667,3.41512743633158,"",
BH-90292,E.lucius,2020-03-06,770,,f,3354,,Muscle,NRB,13.48941,54.55813,16.535,-18.28,10.2625,3.36733173408011,"",
BH-90293,E.lucius,2020-03-09,793,,f,4408,,Muscle,WRB,13.18984,54.45946,16.3933333333333,-18.72,11.2166666666667,3.45664760018604,"",
BH-90300,E.lucius,2020-03-06,940,,f,5798,,Muscle,NRB,13.48941,54.55813,15.925,-19.515,11.47,3.41289844329133,"",
BH-90306,E.lucius,2020-03-17,612,,m,1540,,Muscle,Freshwater,12.72818,54.29974,16.845,-22.875,10.69,3.09400725157758,"",
BH-90311,E.lucius,2020-03-16,590,,m,1566,,Muscle,WRB,13.18173,54.45419,15.97,-16.6789613597337,11.0333333333333,3.50590746690274,"",
BH-90312,E.lucius,2020-03-12,702,,m,2860,,Muscle,WRB,13.18248,54.45459,15.52,-19.52,11.4333333333333,3.44195735205746,"",
BH-90313,E.lucius,2020-03-16,721,,m,2988,,Muscle,WRB,13.10375,54.40762,16.3466666666667,-15.9917851263872,10.9166666666667,3.57167426615084,"",
BH-90314,E.lucius,2020-03-17,612,,m,1652,,Muscle,Freshwater,12.72818,54.29974,16.73,-23.62,5.9,3.25207379498108,"",
BH-90317,E.lucius,2020-03-16,780,,m,3850,,Muscle,WRB,13.10375,54.40762,15.7,-18.5358129234676,13.4333333333333,3.8937131454175,"",
BH-90318,E.lucius,2020-03-16,651,,m,2098,,Muscle,WRB,13.10375,54.40762,16.4466666666667,-18.17,11.4933333333333,3.44269281712035,"",
BH-90320,E.lucius,2020-03-16,603,,f,1916,,Muscle,WRB,13.10375,54.40762,14.04,-16.5933333333333,9.10666666666667,3.23915607733118,"",
BH-90321,E.lucius,2020-03-16,687,,m,2334,,Muscle,WRB,13.10375,54.40762,15.825,-17.7660392754963,12.41,3.63047638139094,"",
BH-90323,E.lucius,2020-03-16,691,,m,2232,,Muscle,WRB,13.10375,54.40762,15.4266666666667,-17.496570656836,12.3,3.5244724842567,"",
BH-90324,E.lucius,2020-03-16,661,,m,2312,,Muscle,WRB,13.10375,54.40762,16.05,-16.7,9.915,3.30673903211217,"",
BH-90325,E.lucius,2020-03-16,744,,m,3236,,Muscle,WRB,13.10375,54.40762,16.2533333333333,-17.2933333333333,10.65,3.48774733783465,"",
BH-90326,E.lucius,2020-03-18,730,,m,3112,,Muscle,GB,13.33426,54.27912,16.3566666666667,-19.389454582928,14.4366666666667,3.59522301868881,"",
BH-90330,E.lucius,2020-03-17,810,,f,3550,,Muscle,Freshwater,12.72818,54.29974,16.385,-20.565,13.39,3.0073949744158,"",
BH-90331,E.lucius,2020-03-18,673,,f,2648,,Muscle,GB,13.33426,54.27912,15.5466666666667,-20.7033333333333,11.7533333333333,3.48147933365068,"",
BH-90332,E.lucius,2020-03-16,1161,,f,11180,,Muscle,WRB,13.10375,54.40762,16.2833333333333,-19.15,12.9666666666667,3.33435818007756,"",
BH-90340,E.lucius,2020-03-16,762,,m,3208,,Muscle,NRB,13.35295,54.55123,15.3633333333333,-18.2133333333333,18.9966666666667,3.49067564744906,"",
BH-90342,E.lucius,2020-03-16,784,,f,2892,,Muscle,NRB,13.35295,54.55123,16.25,-18.97,19.53,3.4132730015083,"",
BH-90345,E.lucius,2020-03-16,650,,m,2260,,Muscle,WRB,13.10375,54.40762,16.9833333333333,-18.2133333333333,10.1233333333333,3.4780838975617,"",
BH-90348,E.lucius,2020-03-16,691,,m,3040,,Muscle,WRB,13.10375,54.40762,15.9366666666667,-17.3433333333333,11.0166666666667,3.44925224917136,"",
BH-90349,E.lucius,2020-03-16,750,,m,3264,,Muscle,WRB,13.10375,54.40762,16.3266666666667,-17.54,9.69333333333333,3.43388623211719,"",
BH-90349,E.lucius,2020-03-16,750,,m,3264,,Muscle,WRB,13.10375,54.40762,16.3266666666667,-17.54,9.69333333333333,3.43388623211719,Homogeneity of replicates?,
BH-90350,E.lucius,2020-03-16,772,,f,4470,,Muscle,WRB,13.10375,54.40762,14.65,-18.155,15.235,3.13300799443254,"",
BH-90351,E.lucius,2020-03-17,751,,f,3764,,Muscle,Freshwater,12.72818,54.29974,15.735,-21.35,10.68,3.09629873118138,"",
BH-90352,E.lucius,2020-03-12,703,,m,2840,,Muscle,WRB,13.18248,54.45459,15.4533333333333,-17.21,10.0633333333333,3.4400466478949,"",
BH-90355,E.lucius,2020-03-16,747,,f,3386,,Muscle,P,13.89984,53.97986,19,-24.5733333333333,7.75333333333333,3.46663246198308,"",
BH-90356,E.lucius,2020-03-17,481,,f,726,,Muscle,Freshwater,12.72818,54.29974,16.035,-16.0953356550002,9.66,3.76761969765913,"",
BH-90360,E.lucius,2020-03-16,841,,f,4024,,Muscle,NRB,13.35295,54.55123,15.77,-17.51,20.95,3.35867158671587,"",
BH-90363,E.lucius,2020-03-12,636,,f,1996,,Muscle,WRB,13.18248,54.45459,16.6866666666667,-18.5033333333333,9.04,3.41248733083092,"",
BH-90364,E.lucius,2020-03-17,636,,f,2298,,Muscle,Freshwater,12.72818,54.29974,15.695,-21.405,10.765,3.21028694673668,"",
BH-90366,E.lucius,2020-03-17,616,,m,1742,,Muscle,Freshwater,12.72818,54.29974,17.2,-23.26,8.38,3.11620819193114,"",
BH-90371,E.lucius,2020-03-16,751,,f,3474,,Muscle,WRB,13.10375,54.40762,17.275,-18.175,11.365,3.42835911205735,"",
BH-90372,E.lucius,2020-03-16,848,,f,4014,,Muscle,NRB,13.35295,54.55123,13.17,-16.24,17.92,3.43196202531646,"",
BH-90374,E.lucius,2020-03-18,663,,m,2030,,Muscle,Freshwater,13.26729,54.38199,15.86,-17.0133333333333,12.8666666666667,3.33496415986457,"",
BH-90376,E.lucius,2020-03-16,624,,m,1942,,Muscle,WRB,13.10375,54.40762,16.28,-17.31,9.24666666666667,3.29422212366475,"",
BH-90377,E.lucius,2020-03-12,657,,m,2020,,Muscle,WRB,13.18248,54.45459,16.4666666666667,-19.5133333333333,8.16666666666667,3.43957589172284,Correct amount on wellplate sheet?,
BH-90377,E.lucius,2020-03-12,657,,m,2020,,Muscle,WRB,13.18248,54.45459,16.4666666666667,-19.5133333333333,8.16666666666667,3.43957589172284,"",
BH-90379,E.lucius,2020-03-16,715,,m,2348,,Muscle,P,13.89984,53.97986,17.13,-22.7177779029723,9.07333333333333,3.55266236790841,"",
BH-90379,E.lucius,2020-03-16,715,,m,2348,,Muscle,P,13.89984,53.97986,17.13,-22.7177779029723,9.07333333333333,3.55266236790841,Homogeneity of replicates?,
BH-90381,E.lucius,2020-03-17,614,,m,1456,,Muscle,Freshwater,12.72818,54.29974,16.28,-21.69,6.47,3.31349660919561,"",
BH-90383,E.lucius,2020-03-12,785,,f,3916,,Muscle,WRB,13.18248,54.45459,16.985,-17.705,9.99,3.41567219007613,Homogeneity of replicates?,
BH-90383,E.lucius,2020-03-12,785,,f,3916,,Muscle,WRB,13.18248,54.45459,16.985,-17.705,9.99,3.41567219007613,"",
BH-90389,E.lucius,2020-03-12,738,,m,3614,,Muscle,WRB,13.18248,54.45459,15.1733333333333,-17.002958276333,11.4633333333333,3.54488766658585,"",
BH-90391,E.lucius,2020-03-16,586,,m,1388,,Muscle,P,13.89984,53.97986,16.195,-21.445,10.435,3.36953713923397,"",
BH-90392,E.lucius,2020-03-17,651,,m,1826,,Muscle,Freshwater,12.72818,54.29974,15.94,-22.055,11.37,2.96916745743486,"",
BH-90393,E.lucius,2020-03-16,744,,m,2988,,Muscle,NRB,13.35295,54.55123,15.73,-17.4199980014661,16.84,3.59440559440559,"",
BH-90399,E.lucius,2020-03-16,612,,m,1706,,Muscle,P,13.89984,53.97986,19.23,-22.4145363502382,8.98333333333333,3.64279074877621,"",
BH-90400,E.lucius,2020-03-16,752,,m,3496,,Muscle,WRB,13.10375,54.40762,15.6666666666667,-18.64,10.06,3.49326708624672,"",
BH-90402,E.lucius,2020-03-20,707,,m,2316,,Muscle,WRB,13.12548,54.55629,14.1133333333333,-17.1380104646263,11.4266666666667,3.59739545972706,"",
BH-90403,E.lucius,2020-03-18,865,,f,4070,,Muscle,Freshwater,13.26729,54.38199,15.705,-17.86,12.07,3.26215690428855,"",
BH-90404,E.lucius,2020-03-18,761,,m,3124,,Muscle,Freshwater,13.26729,54.38199,15.055,-17.19,10.905,3.23905396577316,"",
BH-90406,E.lucius,2020-03-18,820,,f,4826,,Muscle,Freshwater,13.26729,54.38199,16.28,-17.7552941954369,12.11,3.55639097744361,"",
BH-90409,E.lucius,2020-03-18,790,,f,3334,,Muscle,Freshwater,13.26729,54.38199,16.7,-18.085,10.23,3.36843903265786,"",
BH-90414,E.lucius,2020-03-18,666,,m,1956,,Muscle,Freshwater,13.26729,54.38199,15.858,-16.928,11.926,3.33420552819018,"",
BH-90415,E.lucius,2020-03-18,646,,m,2020,,Muscle,Freshwater,13.26729,54.38199,15.755,-16.41,14.15,3.31223105122301,"",
BH-90417,E.lucius,2020-03-22,716,,m,2404,,Muscle,Freshwater,13.40562,54.29683,16.86,-19.3633333333333,12.3366666666667,3.45841256054032,"",
BH-90418,E.lucius,2020-03-18,696,,m,2614,,Muscle,Freshwater,13.26729,54.38199,16.38,-17.25,10.945,3.29137833698814,"",
BH-90419,E.lucius,2020-03-19,660,,m,1924,,Muscle,Freshwater,13.279487,54.478321,16.6433333333333,-16.4263501432131,9.9,3.51481206544361,"",
BH-90427,E.lucius,2020-03-18,615,,m,1652,,Muscle,Freshwater,13.26729,54.38199,16.78,-17.04,9.325,3.34043559076744,"",
BH-90430,E.lucius,2020-03-19,773,,f,3044,,Muscle,Freshwater,13.279487,54.478321,16.34,-17.73,11.4,3.31120628122769,"",
BH-90434,E.lucius,2020-03-19,722,,m,3074,,Muscle,Freshwater,13.279487,54.478321,16.63,-17.06,10.685,3.41488770265478,"",
BH-90435,E.lucius,2020-03-19,720,,m,2138,,Muscle,Freshwater,13.279487,54.478321,16.815,-17.13,10.945,3.40693349493813,"",
BH-90436,E.lucius,2020-03-19,697,,m,2542,,Muscle,Freshwater,13.279487,54.478321,15.72,-17.215,9.89,3.34571537522244,"",
BH-90459,E.lucius,2020-03-22,631,,m,1854,,Muscle,Freshwater,13.40562,54.29683,15.8366666666667,-18.96,12.8666666666667,3.47014018095367,"",
BH-90469,E.lucius,2020-03-23,657,,m,2454,,Muscle,WRB,13.17399,54.40924,15.6733333333333,-16.0771463704335,15.1566666666667,3.52360951250173,"",
BH-90475,E.lucius,2020-03-23,753,,m,3158,,Muscle,WRB,13.17399,54.40924,15.18,-15.7853082981986,16.3666666666667,3.50139475957462,"",
BH-90540,E.lucius,2020-03-24,717,,m,2602,,Muscle,Freshwater,13.26724,54.38206,15.4,-17.24,10.75,3.27117053068041,"",
BH-90543,E.lucius,2020-03-24,715,,m,2522,,Muscle,Freshwater,13.26724,54.38206,15.67,-17.5144178821337,15.785,3.57272691370017,"",
BH-90546,E.lucius,2020-03-24,685,,f,2544,,Muscle,Freshwater,13.26724,54.38206,15.2,-17.9039148847542,14.83,4.07551867219917,"",
BH-90588,E.lucius,2020-03-26,792,,f,3736,,Muscle,Freshwater,13.28531,54.38045,15.26,-17.365,10.38,3.36444347460998,"",
BH-90721,E.lucius,2020-03-26,705,,m,2620,,Muscle,Freshwater,13.28531,54.38045,15.34,-16.88,10.135,3.2794463513941,"",
BH-90737,E.lucius,2020-11-24,685,,m,2553,,Muscle,GB,13.45889,54.32808,16.61,-19.285,18.265,3.22703392577386,"",
BH-90750,E.lucius,2020-11-09,1066,,f,10454,,Muscle,DZB,12.94566,54.43722,16.2666666666667,-19.4982039682371,13.1166666666667,4.92298630531294,"",
BH-90751,E.lucius,2020-11-09,1013,,f,7125,,Muscle,DZB,12.94566,54.43722,16.43,-19.7514504633745,12.04,5.33366733466934,"",
BH-90752,E.lucius,2020-11-24,1065,,f,8935,,Muscle,GB,13.46086,54.33058,18.835,-20.250741110579,19.14,5.98291630768118,"",
BH-90756,E.lucius,2020-11-24,655,,f,2410,,Muscle,GB,13.46086,54.33058,15.015,-18.1814266593879,14.79,3.6148298674325,"",
BH-90759,E.lucius,2020-11-09,785,,f,3780,,Muscle,DZB,12.94566,54.43722,16.6533333333333,-17.7533333333333,9.24666666666667,3.48622222246918,"",
BH-90760,E.lucius,2020-11-09,756,,m,2840,,Muscle,DZB,12.94566,54.43722,15.18,-18.0166666666667,8.75,3.38907877413216,"",
BH-90773,E.lucius,2021-03-10,943,,f,6218,,Muscle,DZB,,,14.5966666666667,-18.6129673676147,16.8833333333333,3.75604476058183,"",
BH-90783,E.lucius,2020-12-10,972,,f,6148,,Muscle,WRB,13.19186,54.46117,15.82,-17.7533333333333,12.0966666666667,3.30050934883986,"",
BH-90794,E.lucius,2020-12-10,819,,f,4340,,Muscle,WRB,13.19186,54.46117,14.9,-16.47,11.07,3.24087078651685,"",
BH-90853,E.lucius,2021-03-08,875,,f,6848,,Muscle,DZB,,,15.535,-18.1944560092808,16.795,3.64039902694067,"",
BH-90855,E.lucius,2021-03-09,764,,f,3786,,Muscle,DZB,12.945528,54.434139,14.7366666666667,-18.2066666666667,14.2166666666667,3.47804531831283,"",
BH-90882,E.lucius,2021-03-08,962,,f,7014,,Muscle,DZB,12.945528,54.434139,14.635,-17.25,16.125,3.33382085008032,"",
BH-90886,E.lucius,2021-03-09,820,,f,4219.8,,Muscle,DZB,,,14.6466666666667,-18.36,12.2466666666667,3.27333942112284,"",
BH-90895,E.lucius,2021-03-09,710,,f,2822,,Muscle,DZB,,,14.8133333333333,-18.1433333333333,14.0966666666667,3.39452376245555,"",
BH-90896,E.lucius,2021-03-08,931,,f,6018,,Muscle,DZB,12.945528,54.434139,13.44,-16.21,15.1,3.23457675753228,"",
BH-90902,E.lucius,2021-04-09,642,,f,1768,,Muscle,Freshwater,13.26737,54.38194,15.245,-17.105,9.03,3.24445028663949,"",
BH-90907,E.lucius,2021-03-24,839,,f,4536,,Muscle,Freshwater,13.26729,54.381931,16.315,-17.325,10.735,3.25350351674343,"",
BH-90911,E.lucius,2021-03-24,719,,f,2915,,Muscle,Freshwater,13.26729,54.381931,15.51,-17.7,9.43,3.24879595590137,"",
BH-90913,E.lucius,2021-04-02,612,,m,1288,,Muscle,Freshwater,13.26729,54.381931,15.115,-17.365,9.425,3.33234770433514,"",
BH-90917,E.lucius,2021-03-24,772,,f,2756,,Muscle,Freshwater,13.26729,54.381931,15.405,-16.92,9.645,3.2237386790687,"",
BH-90921,E.lucius,2021-03-24,800,,f,4020,,Muscle,Freshwater,13.26729,54.381931,16.32,-17.395,10.585,3.2604842293042,"",
BH-90922,E.lucius,2021-03-24,689,,m,2314,,Muscle,Freshwater,13.26729,54.381931,15.95,-16.93,9.51,3.34344980561197,"",
BH-90928,E.lucius,2021-04-02,580,,m,1470,,Muscle,Freshwater,13.26729,54.381931,15.8133333333333,-16.7,10.4666666666667,3.26441351998961,|,
BH-90933,E.lucius,2021-04-09,793,,m,3746,,Muscle,Freshwater,13.26737,54.38194,15.375,-17.0320461142531,10.99,3.53875475605996,"",
BH-90945,E.lucius,2021-04-09,773,,f,3234,,Muscle,Freshwater,13.26737,54.38194,15.01,-17.985,11.19,3.44669094611529,"",
BH-90953,E.lucius,2021-03-26,695,,m,2274,,Muscle,Freshwater,13.26729,54.381931,15.855,-17.4,10.01,3.37726330071812,"",
BH-90955,E.lucius,2021-03-26,664,,f,2288,,Muscle,Freshwater,13.26729,54.381931,14.5,-19.055,9.16,3.36035500323658,"",
BH-90970,E.lucius,2021-04-02,634,,m,1688,,Muscle,Freshwater,13.26729,54.381931,17.2533333333333,-21.3433333333333,11.59,3.20730683491374,|,
BH-90973,E.lucius,2021-04-09,615,,m,1446,,Muscle,Freshwater,13.26737,54.38194,15.54,-17.71,9.55,3.20623671155209,"",
BH-90978,E.lucius,2021-03-26,672,,m,2164,,Muscle,Freshwater,13.26729,54.381931,15.665,-16.505,10.705,3.30952715754063,"",
BH-90981,E.lucius,2021-04-02,745,,m,2798,,Muscle,Freshwater,13.26729,54.381931,17.2333333333333,-17.0033333333333,11.9166666666667,3.31758213422363,|,
BH-91002,E.lucius,2021-03-26,836,,f,4520,,Muscle,Freshwater,13.26729,54.381931,15.77,-16.77,11.025,3.28902391671651,"",
BH-91013,E.lucius,2021-04-01,739,,f,3234,,Muscle,Freshwater,13.740372,54.034922,15.88,-21.7733333333333,10.32,3.26570507708944,|,
BH-91028,E.lucius,2021-03-30,851,,f,3618,,Muscle,Freshwater,13.26737,54.38194,15.035,-17.1,10.33,3.2554479063913,"",
BH-91030,E.lucius,2021-03-30,830,,f,4768,,Muscle,Freshwater,13.26737,54.38194,15.75,-17.235,11.105,3.3442696220655,"",
BH-91037,E.lucius,2021-03-31,552,,m,1190,,Muscle,Freshwater,12.529867,54.331809,14.905,-18.0925009344474,12.07,3.916591921927,"",
BH-91045,E.lucius,2021-04-01,648,,m,1564,,Muscle,Freshwater,13.740372,54.034922,16.4833333333333,-22.25,9.76666666666667,3.16976117622736,|,
BH-91048,E.lucius,2021-04-09,611,,m,1580,,Muscle,Freshwater,13.26737,54.38194,15.06,-17.94,10.24,3.31369293864407,"",
BH-91050,E.lucius,2021-04-01,732,,m,2930,,Muscle,Freshwater,13.740372,54.034922,16.3833333333333,-21.7366666666667,11.1266666666667,3.12866085096535,Added Missing Sequence |,
BH-91050,E.lucius,2021-04-01,732,,m,2930,,Muscle,Freshwater,13.740372,54.034922,16.3833333333333,-21.7366666666667,11.1266666666667,3.12866085096535,|,
BH-91053,E.lucius,2021-04-01,674,,f,2734,,Muscle,Freshwater,13.740372,54.034922,15.0233333333333,-21.8266666666667,11.1033333333333,3.18198426825275,|,
BH-91054,E.lucius,2021-04-02,636,,m,1766,,Muscle,Freshwater,13.26729,54.381931,16.02,-16.9966666666667,12.49,3.31036874471304,|,
BH-91064,E.lucius,2021-03-30,847,,f,4518,,Muscle,Freshwater,13.26737,54.38194,16.48,-17.385,10.91,3.24529076646521,"",
BH-91068,E.lucius,2021-04-01,860,,f,4994,,Muscle,Freshwater,13.740372,54.034922,16.21,-21.83,10.7333333333333,3.24082579695609,|,
BH-91072,E.lucius,2021-03-30,750,,f,3076,,Muscle,Freshwater,13.26737,54.38194,15.145,-17.73,9.45,3.3454617812861,"",
BH-91099,E.lucius,2021-04-09,701,,m,2152,,Muscle,Freshwater,13.26737,54.38194,16.07,-16.9601335837299,10.195,3.66955094871903,"",
BH-91117,E.lucius,2021-04-07,555,,f,1230,,Muscle,Freshwater,,,14.8166666666667,-17.8366666666667,6.42333333333333,3.19988027037887,|,
BH-91130,E.lucius,2021-04-09,695,,m,2116,,Muscle,Freshwater,13.26737,54.38194,16.5,-17.39,10.795,3.26822758902988,"",
BH-91131,E.lucius,2021-04-09,680,,f,2258,,Muscle,Freshwater,13.26737,54.38194,15.385,-17.895,10.735,3.36754966887417,"",
BH-91132,E.lucius,2021-04-09,623,,m,1474,,Muscle,Freshwater,13.26737,54.38194,14.98,-18.3,9.69,3.18060020902802,"",
BH-91139,E.lucius,2021-04-09,792,,m,3958,,Muscle,Freshwater,13.26737,54.38194,14.115,-15.99,9.495,3.34314537272465,"",
BH-91140,E.lucius,2021-04-09,770,,f,2666,,Muscle,Freshwater,13.26737,54.38194,15.64,-17.59,11.03,3.29639566464318,"",
BH-91156,E.lucius,2021-04-09,715,,m,2182,,Muscle,Freshwater,13.26737,54.38194,16.005,-16.925,9.925,3.2959650556415,"",
BH-91168,E.lucius,2021-04-09,793,,m,3698,,Muscle,Freshwater,13.26737,54.38194,16.275,-17.3809065979431,10.845,4.04936415858633,"",
BH-91179,E.lucius,2021-04-09,713,,m,2116,,Muscle,Freshwater,13.26737,54.38194,15.68,-17.09,10.185,3.4860315120665,"",
BH-91181,E.lucius,2021-04-09,594,,m,1380,,Muscle,Freshwater,13.26737,54.38194,15.325,-16.945,9.58,3.33980379003857,"",
BH-91186,E.lucius,2021-04-09,582,,m,1272,,Muscle,Freshwater,13.26737,54.38194,15.655,-17.13,8.7,3.1371135760538,"",
BH-91189,E.lucius,2021-04-09,771,,f,2796,,Muscle,Freshwater,13.26737,54.38194,15.795,-17.445,10.56,3.2456626355714,"",
BH-91190,E.lucius,2021-04-09,709,,m,2450,,Muscle,Freshwater,13.26737,54.38194,15.91,-17.29,9.71,3.38781540352189,"",
BH-91191,E.lucius,2021-04-09,648,,f,2129,,Muscle,Freshwater,13.26737,54.38194,14.96,-17.475,9.98,3.39677487852918,"",
BH-91196,E.lucius,2021-04-09,861,,f,5265,,Muscle,Freshwater,13.26737,54.38194,15.14,-18.55,11.225,3.33174917744198,"",
BH-91200,E.lucius,2020-05-28,480,,f,,,Muscle,WRB,13.20755,54.40947,14.31,-16.705,9.03,3.31117624970466,"",
BH-91328,E.lucius,2021-04-14,1061,,f,8290,,Muscle,Freshwater,12.529867,54.331809,16.4666666666667,-19.25,7.28333333333333,3.21102768532786,|,
BH-91395,E.lucius,2021-06-19,1021,,f,7000,,Muscle,DZB,,,15.5016666666667,-19.2945170918533,11.725,3.69566183862581,|,
BH-91403,E.lucius,2021-06-19,915,,f,5860,,Muscle,DZB,12.89348,54.4049,15.8283333333333,-18.9207851599962,9.65166666666667,3.50068077794547,|,
BH-91410,E.lucius,2021-06-20,922,,f,,,Muscle,DZB,12.89155,54.4042,16.1333333333333,-18.7966666666667,9.27333333333333,3.22308279183425,|,
BH-91413,E.lucius,2021-06-19,811,,f,3620,,Muscle,DZB,12.90487,54.40822,16.412,-18.5132432064856,9.274,3.93533383223233,|,
BH-91413,E.lucius,2021-06-19,811,,f,3620,,Muscle,DZB,12.90487,54.40822,16.412,-18.5132432064856,9.274,3.93533383223233,Only 195 g Amount |,
BH-91415,E.lucius,2021-06-19,862,,f,4000,,Muscle,DZB,12.87037,54.41347,16.245,-17.755,7.86166666666667,3.27250617548239,|,
BH-91423,E.lucius,2021-06-20,731,,m,,,Muscle,DZB,12.89155,54.4042,16.0966666666667,-17.25,8.11,3.30796387354216,not Enough Material for Triplets |,
BH-91424,E.lucius,2021-06-20,1100,,f,9600,,Muscle,DZB,12.91992,54.42032,15.4866666666667,-19.205,9.72166666666667,3.27182586483315,|,
BH-91427,E.lucius,2021-06-19,942,,f,,,Muscle,DZB,12.88802,54.40713,16.345,-18.2616666666667,10.2266666666667,3.37235736862255,|,
BH-91430,E.lucius,2021-06-20,780,,m,,,Muscle,DZB,12.91992,54.42032,15.66,-17.65,7.45333333333333,3.19253275836035,|,
BH-91437,E.lucius,2021-06-19,953,,f,7070,,Muscle,DZB,12.87037,54.41347,15.918,-18.8268398123808,11.58,3.75522734577657,|,
BH-91534,E.lucius,2022-03-29,423,,f,562,,Muscle,Freshwater,13.26734,54.38185,16.3566666666667,-17.9066666666667,10.16,3.36166431415297,"",
BH-91549,E.lucius,2022-03-29,650,,f,2070,,Muscle,Freshwater,13.26734,54.38185,16.0566666666667,-17.4033333333333,10.9133333333333,3.31373723749497,"",
BH-91570,E.lucius,2022-03-29,558,,m,1246,,Muscle,Freshwater,13.26734,54.38185,15.17,-16.87,9.37666666666667,3.25886017518206,"",
BH-91571,E.lucius,2022-03-28,896,,f,4962,,Muscle,Freshwater,12.68648,54.35199,17.6366666666667,-21.85,6.23333333333333,3.21164033916702,"",
BH-91585,E.lucius,2022-03-28,815,,f,3230,,Muscle,Freshwater,12.68648,54.35199,16.84,-21.46,6.65333333333333,3.15950789298873,"",
BH-91588,E.lucius,2022-03-28,615,,m,1372,,Muscle,Freshwater,12.68648,54.35199,17.1633333333333,-23.22,4.45333333333333,3.11717294570954,"",
BH-92990,E.lucius,2022-04-14,802,,f,3152,,Muscle,Freshwater,12.68762,54.36602,18.0433333333333,-22.6466666666667,5.18666666666667,3.31704704612357,"",
BH-92993,E.lucius,2022-04-13,680,,f,2560,,Muscle,Freshwater,13.26726,54.38204,15.6166666666667,-17.6133333333333,11.9,3.26202475340523,"",
BH-92996,E.lucius,2022-04-13,665,,f,1966,,Muscle,Freshwater,13.26726,54.38204,15.9466666666667,-17.5033333333333,10.84,3.19770146841719,"",
BH-93002,E.lucius,2022-04-11,686,,f,2366,,Muscle,Freshwater,13.2674,54.38207,16.2933333333333,-17.7266666666667,10.7566666666667,3.25523495981529,"",
BH-93003,E.lucius,2022-04-14,877,,f,4840,,Muscle,Freshwater,12.68762,54.36602,17.8166666666667,-22.11,6.68666666666667,3.30959286172696,"",
BH-93005,E.lucius,2022-04-13,765,,f,3200,,Muscle,Freshwater,13.26726,54.38204,16.85,-17.5466666666667,10.3566666666667,3.24524171772309,"",
BH-93006,E.lucius,2022-04-13,660,,f,1812,,Muscle,Freshwater,13.26726,54.38204,15.06,-17.37,9.50333333333333,3.23032925549915,"",
BH-93007,E.lucius,2022-04-14,878,,f,4354,,Muscle,Freshwater,12.68762,54.36602,17.51,-22.11,6.08333333333333,3.2931124067607,"",
BH-93015,E.lucius,2022-04-13,652,,f,1702,,Muscle,Freshwater,13.26726,54.38204,15.7533333333333,-17.5,11.03,3.16786825027823,"",
BH-93047,E.lucius,2022-04-12,702,,f,2166,,Muscle,Freshwater,12.68659,54.33628,17.35,-23.9133333333333,2.71,3.28275965616225,"",
BH-93048,E.lucius,2022-04-12,730,,f,2734,,Muscle,Freshwater,12.68659,54.33628,17.7533333333333,-22.4766666666667,4.81333333333333,3.28795130250274,"",
BH-93066,E.lucius,2022-04-14,520,,m,842,,Muscle,Freshwater,12.68762,54.36602,17.6833333333333,-24.4,3.94666666666667,3.19098044922398,"",
BH-93071,E.lucius,2022-04-12,854,,f,,,Muscle,Freshwater,12.68659,54.33628,17.6633333333333,-21.9366666666667,5.03666666666667,3.19860228452114,"",
BH-93097,E.lucius,2022-04-14,636,,m,1756,,Muscle,Freshwater,12.68762,54.36602,15.8333333333333,-21.9266666666667,5.82666666666667,3.23623751242803,"",
BH-93109,E.lucius,2022-04-12,732,,m,2256,,Muscle,Freshwater,12.68659,54.33628,17.0066666666667,-21.9533333333333,6,3.16893409479471,"",
BH-93116,E.lucius,2022-04-14,563,,f,1030,,Muscle,Freshwater,12.68762,54.36602,14.9766666666667,-18.97,4.12666666666667,3.20751272618289,Homogeneity of replicates?,
BH-93116,E.lucius,2022-04-14,563,,f,1030,,Muscle,Freshwater,12.68762,54.36602,14.9766666666667,-18.97,4.12666666666667,3.20751272618289,"",
BH-93132,E.lucius,2022-04-14,862,,f,4632,,Muscle,Freshwater,12.68762,54.36602,17.05,-21.3,6.21,3.26217504408749,"",
BH-93143,E.lucius,2022-04-13,675,,f,2232,,Muscle,Freshwater,13.26726,54.38204,14.09,-17.25,10.99,3.27860815102262,"",
BH-93152,E.lucius,2022-04-13,632,,f,1540,,Muscle,Freshwater,13.26726,54.38204,15.18,-18.5366666666667,10.21,3.25002402787121,"",
BH-93170,E.lucius,2022-04-13,733,,m,2730,,Muscle,Freshwater,13.26726,54.38204,14.1766666666667,-17.22,11.27,3.34197451080142,"",
BH-93172,E.lucius,2022-04-13,745,,f,44,,Muscle,Freshwater,13.26726,54.38204,15.6033333333333,-20.3,9.80666666666667,3.21956198359448,"",
BH-93178,E.lucius,2022-04-14,604,,f,1490,,Muscle,Freshwater,12.68762,54.36602,15.3366666666667,-18.7833333333333,3.34333333333333,3.20929019932668,"",
BH-93190,E.lucius,2022-04-13,621,,f,1534,,Muscle,Freshwater,13.26726,54.38204,15.6166666666667,-17.43,9.87,3.1752679746056,"",
